accuracy,precision_macro,recall_macro,f1_macro,TN,FP,FN,TP
0.839622641509434,0.8254462432544625,0.8111111111111111,0.8173710347623391,63,7,10,26
