accuracy,precision_macro,recall_macro,f1_macro,TN,FP,FN,TP
0.6981132075471698,0.6613562091503268,0.6567460317460317,0.6587525150905432,55,15,17,19
