accuracy,precision_macro,recall_macro,f1_macro,TN,FP,FN,TP
0.8490566037735849,0.8317460317460317,0.8317460317460317,0.8317460317460317,62,8,8,28
