accuracy,precision_macro,recall_macro,f1_macro,TN,FP,FN,TP
0.8584905660377359,0.8526881720430108,0.8253968253968254,0.8363355635615028,65,5,10,26
