accuracy,precision_macro,recall_macro,f1_macro,TN,FP,FN,TP
0.8301886792452831,0.8273809523809523,0.7837301587301587,0.7985641891891893,65,5,13,23
