accuracy,precision_macro,recall_macro,f1_macro,TN,FP,FN,TP
0.7536231884057971,0.7512820512820513,0.7495755517826825,0.7502661273153077,22,9,8,30
