accuracy,precision_macro,recall_macro,f1_macro,TN,FP,FN,TP
0.74,0.6864801864801865,0.6523809523809524,0.6621621621621622,13,17,9,61
