accuracy,precision_macro,recall_macro,f1_macro,TN,FP,FN,TP
0.8405797101449275,0.8432055749128919,0.8344651952461799,0.8371594078523923,24,7,4,34
