accuracy,precision_macro,recall_macro,f1_macro,TN,FP,FN,TP
0.75,0.7019288728149488,0.6595238095238095,0.6710093433346493,13,17,8,62
