accuracy,precision_macro,recall_macro,f1_macro,TN,FP,FN,TP
0.6521739130434783,0.647844827586207,0.6455857385398982,0.6461538461538461,18,13,11,27
