accuracy,precision_macro,recall_macro,f1_macro,TN,FP,FN,TP
0.782608695652174,0.7831010452961673,0.7758913412563667,0.777944647071444,22,9,6,32
