accuracy,precision_macro,recall_macro,f1_macro,TN,FP,FN,TP
0.7971014492753623,0.7965517241379311,0.7920203735144312,0.7935897435897437,23,8,6,32
