accuracy,precision_macro,recall_macro,f1_macro,TN,FP,FN,TP
0.9360105913503972,0.9348888383033613,0.9340419052842366,0.934455824957535,2470,138,152,1772
