accuracy,precision_macro,recall_macro,f1_macro,TN,FP,FN,TP
0.76522506619594,0.7602774706981374,0.7567535681032613,0.7582089791726838,2120,488,576,1348
