accuracy,precision_macro,recall_macro,f1_macro,TN,FP,FN,TP
0.6546778464254193,0.6503287877407683,0.6246476537887581,0.6221881433349546,2148,460,1105,819
