accuracy,precision_macro,recall_macro,f1_macro,TN,FP,FN,TP
0.7023389232127096,0.6955891057529413,0.6881417165159497,0.6902027245297111,2040,568,781,1143
