accuracy,precision_macro,recall_macro,f1_macro,TN,FP,FN,TP
0.853486319505737,0.8513341773619917,0.8477537530451641,0.8493381236757467,2310,298,366,1558
