accuracy,precision_macro,recall_macro,f1_macro,TN,FP,FN,TP
0.990625,0.9903846153846154,0.9910179640718563,0.9906139090135805,153,0,3,164
