accuracy,precision_macro,recall_macro,f1_macro,TN,FP,FN,TP
0.559375,0.5588649155722326,0.5589409416461195,0.5588537236382836,84,69,72,95
