accuracy,precision_macro,recall_macro,f1_macro,TN,FP,FN,TP
0.71875,0.7213622291021672,0.7154710187468201,0.715538698589546,98,55,35,132
