accuracy,precision_macro,recall_macro,f1_macro,TN,FP,FN,TP
0.803125,0.802898890451633,0.8034323509843059,0.8029691455154957,124,29,34,133
