accuracy,precision_macro,recall_macro,f1_macro,TN,FP,FN,TP
0.896875,0.8965759849906192,0.8970881765880006,0.8967529991493856,138,15,18,149
