accuracy,precision_macro,recall_macro,f1_macro
0.731,0.7361043455085338,0.7301852462476579,0.7313660414181532
