accuracy,precision_macro,recall_macro,f1_macro
0.881,0.883077834409087,0.8809029158488058,0.8810514535599295
