accuracy,precision_macro,recall_macro,f1_macro
0.2325,0.2383641050656088,0.2321778978728821,0.23373275852301745
