accuracy,precision_macro,recall_macro,f1_macro
0.526,0.5287531109317963,0.5252792672303518,0.5251201824000543
