accuracy,precision_macro,recall_macro,f1_macro
0.9735,0.9736236057338371,0.973463458507269,0.9734102268364726
