accuracy,precision_macro,recall_macro,f1_macro,TN,FP,FN,TP
0.8946910356832027,0.8756866212977559,0.8626332435764741,0.8687688290821449,776,209,154,2308
