accuracy,precision_macro,recall_macro,f1_macro,TN,FP,FN,TP
0.9588047577603713,0.9500305066333325,0.9489311648735913,0.9494785955397603,912,73,69,2393
