accuracy,precision_macro,recall_macro,f1_macro,TN,FP,FN,TP
0.9425587467362925,0.9305315785329791,0.928422478526393,0.9294682917029398,882,103,95,2367
