accuracy,precision_macro,recall_macro,f1_macro,TN,FP,FN,TP
0.9738903394255874,0.9688250670895946,0.9671048670760019,0.9679597873280923,937,48,42,2420
