accuracy,precision_macro,recall_macro,f1_macro,TN,FP,FN,TP
0.9486510008703221,0.9388691425027782,0.9348189949156107,0.9368128507950448,889,96,81,2381
