accuracy,precision_macro,recall_macro,f1_macro,TN,FP,FN,TP
0.7787418655097614,0.7720099667774086,0.7579857418567095,0.7629461584996975,239,40,62,120
