accuracy,precision_macro,recall_macro,f1_macro,TN,FP,FN,TP
0.9197396963123644,0.9186813186813187,0.912678719130332,0.9154359088768251,264,15,22,160
