accuracy,precision_macro,recall_macro,f1_macro,TN,FP,FN,TP
0.9457700650759219,0.9463136863136863,0.9399149237858915,0.9428621005924493,270,9,16,166
