accuracy,precision_macro,recall_macro,f1_macro,TN,FP,FN,TP
0.9240780911062907,0.9263597308908162,0.9143526724171885,0.919494464152958,268,11,24,158
