accuracy,precision_macro,recall_macro,f1_macro,TN,FP,FN,TP
0.8698481561822126,0.8675560946027896,0.858088148410729,0.8621411483253589,255,24,36,146
