accuracy,precision_macro,recall_macro,f1_macro
0.6235294117647059,0.6256393861892583,0.6220238095238095,0.6196032874980244
