accuracy,precision_macro,recall_macro,f1_macro
0.7294117647058823,0.7197303921568627,0.7304653679653679,0.7231979405034326
