accuracy,precision_macro,recall_macro,f1_macro
0.5764705882352941,0.5864372469635628,0.5780844155844156,0.5800405268490375
