accuracy,precision_macro,recall_macro,f1_macro
0.4470588235294118,0.473015873015873,0.4475108225108225,0.4536347872482326
