accuracy,precision_macro,recall_macro,f1_macro
0.6941176470588235,0.6907608695652174,0.6946428571428571,0.6916527313266444
