accuracy,precision_macro,recall_macro,f1_macro,TN,FP,FN,TP,f1_class0,f1_class1
0.7924528301886793,0.6802325581395349,0.6677489177489178,0.673389355742297,37,5,6,5,0.8705882352941177,0.47619047619047616
