{
    "DIM": 128,
    "HIDDEN_DIM": 64,
    "HEADS": 8,
    "LAYERS": 12,
    "DIM_FEED": 256,
    "DROPOUT": 0.1,
    "PROB_MASCARA": 0.30000000000000004,
    "LR_PRE": 0.0001002334892422236,
    "WEIGHT_DECAY_PRE": 0.00011675225299515077,
    "LR_FINE": 0.00019819349094369763,
    "WEIGHT_DECAY_FINE": 0.00017689672880850927
}