{
    "DIM": 256,
    "HIDDEN_DIM": 64,
    "HEADS": 4,
    "LAYERS": 4,
    "DIM_FEED": 128,
    "DROPOUT": 0.2,
    "PROB_MASCARA": 0.4,
    "LR_PRE": 0.00040742771418024,
    "WEIGHT_DECAY_PRE": 0.00039865362491464353,
    "LR_FINE": 0.0004374726745918765,
    "WEIGHT_DECAY_FINE": 0.00015445205857843113
}