accuracy,precision_macro,recall_macro,f1_macro,TN,FP,FN,TP,f1_class0,f1_class1
0.7169811320754716,0.6373015873015873,0.6872294372294372,0.6439767129422302,31,11,4,7,0.8051948051948052,0.4827586206896552
