{
    "DIM": 64,
    "HIDDEN_DIM": 64,
    "HEADS": 4,
    "LAYERS": 6,
    "DIM_FEED": 128,
    "DROPOUT": 0.2,
    "PROB_MASCARA": 0.30000000000000004,
    "LR_PRE": 0.0006598209590475909,
    "WEIGHT_DECAY_PRE": 0.00021092822199587436,
    "LR_FINE": 0.0001999280259029655,
    "WEIGHT_DECAY_FINE": 0.00021301278089812644
}