accuracy,precision_macro,recall_macro,f1_macro,TN,FP,FN,TP,f1_class0,f1_class1
0.7547169811320755,0.6793650793650794,0.7445887445887446,0.6914464845499328,32,10,3,8,0.8311688311688312,0.5517241379310345
