accuracy,precision_macro,recall_macro,f1_macro,TN,FP,FN,TP,f1_class0,f1_class1
0.7547169811320755,0.6501831501831502,0.6774891774891775,0.659753086419753,34,8,5,6,0.8395061728395061,0.48
