{
    "DIM": 64,
    "HIDDEN_DIM": 256,
    "HEADS": 8,
    "LAYERS": 6,
    "DIM_FEED": 512,
    "DROPOUT": 0.3,
    "PROB_MASCARA": 0.2,
    "LR_PRE": 0.0004914605772709072,
    "WEIGHT_DECAY_PRE": 0.0004965124659772427,
    "LR_FINE": 0.00010565381397829754,
    "WEIGHT_DECAY_FINE": 0.0005560880688519082
}