{
    "DIM": 64,
    "HIDDEN_DIM": 512,
    "HEADS": 8,
    "LAYERS": 6,
    "DIM_FEED": 512,
    "DROPOUT": 0.1,
    "PROB_MASCARA": 0.5,
    "LR_PRE": 0.0007835487097646361,
    "WEIGHT_DECAY_PRE": 0.00010070826265303426,
    "LR_FINE": 0.00017555049374523083,
    "WEIGHT_DECAY_FINE": 0.00019891879881157176
}