accuracy,precision_macro,recall_macro,f1_macro,TN,FP,FN,TP,f1_class0,f1_class1
0.7735849056603774,0.6682692307692308,0.6893939393939394,0.6768292682926829,35,7,5,6,0.8536585365853658,0.5
