accuracy,precision_macro,recall_macro,f1_macro,TN,FP,FN,TP,f1_class0,f1_class1
0.99375,0.9935483870967742,0.9940119760479043,0.9937411985604757,153,0,2,165,0.9935064935064936,0.9939759036144579
