{
    "DIM": 128,
    "HIDDEN_DIM": 512,
    "HEADS": 8,
    "LAYERS": 12,
    "DIM_FEED": 512,
    "DROPOUT": 0.3,
    "PROB_MASCARA": 0.30000000000000004,
    "LR_PRE": 0.00011271854267064594,
    "WEIGHT_DECAY_PRE": 0.00044149409986441433,
    "LR_FINE": 0.0008383630359964086,
    "WEIGHT_DECAY_FINE": 0.00043220265430034564
}