accuracy,precision_macro,recall_macro,f1_macro
0.7294117647058823,0.7358405483405484,0.7271103896103897,0.7001149425287356
