{
    "DIM": 512,
    "HIDDEN_DIM": 128,
    "HEADS": 4,
    "LAYERS": 8,
    "DIM_FEED": 256,
    "DROPOUT": 0.2,
    "PROB_MASCARA": 0.30000000000000004,
    "LR_PRE": 0.00016836334954272106,
    "WEIGHT_DECAY_PRE": 0.0004699487934189192,
    "LR_FINE": 0.00018478545871753946,
    "WEIGHT_DECAY_FINE": 0.00016999209934617985
}