accuracy,precision_macro,recall_macro,f1_macro
0.7058823529411765,0.6804515284374619,0.7083333333333333,0.6917008142195732
