{
    "DIM": 128,
    "HIDDEN_DIM": 512,
    "HEADS": 8,
    "LAYERS": 4,
    "DIM_FEED": 128,
    "DROPOUT": 0.2,
    "PROB_MASCARA": 0.2,
    "LR_PRE": 0.00022531097704934158,
    "WEIGHT_DECAY_PRE": 0.0009577589428349441,
    "LR_FINE": 0.0009512093504149811,
    "WEIGHT_DECAY_FINE": 0.0009589959631281488
}