{
    "DIM": 512,
    "HIDDEN_DIM": 64,
    "HEADS": 8,
    "LAYERS": 4,
    "DIM_FEED": 128,
    "DROPOUT": 0.2,
    "PROB_MASCARA": 0.4,
    "LR_PRE": 0.0002735820029976499,
    "WEIGHT_DECAY_PRE": 0.0002089410660109551,
    "LR_FINE": 0.00035528393428079175,
    "WEIGHT_DECAY_FINE": 0.00020779843404677598
}