accuracy,precision_macro,recall_macro,f1_macro
0.5882352941176471,0.5728367433930094,0.5873376623376623,0.5786645829845026
