{
    "DIM": 256,
    "HIDDEN_DIM": 256,
    "HEADS": 8,
    "LAYERS": 6,
    "DIM_FEED": 512,
    "DROPOUT": 0.1,
    "PROB_MASCARA": 0.2,
    "LR_PRE": 0.00038387627742085247,
    "WEIGHT_DECAY_PRE": 0.00047725893374920994,
    "LR_FINE": 0.00014396789712077586,
    "WEIGHT_DECAY_FINE": 0.0004937835503302395
}