{
    "DIM": 512,
    "HIDDEN_DIM": 128,
    "HEADS": 4,
    "LAYERS": 8,
    "DIM_FEED": 256,
    "DROPOUT": 0.3,
    "PROB_MASCARA": 0.5,
    "LR_PRE": 0.00022078582413880276,
    "WEIGHT_DECAY_PRE": 0.0006738916618064005,
    "LR_FINE": 0.0005623484866564375,
    "WEIGHT_DECAY_FINE": 0.0005684311246739337
}