accuracy,precision_macro,recall_macro,f1_macro
0.38823529411764707,0.36402894491129784,0.3907467532467533,0.3702883729079538
