accuracy,precision_macro,recall_macro,f1_macro
0.5058823529411764,0.5020717115369068,0.5122835497835497,0.4932733255903987
